Instruction,Mnemonic,Operands,Mappable,UnknownTypes
CMC,CMC,,True,
"ADC AL, imm8",ADC,"AL, imm8",True,
"ADC AX, imm16",ADC,"AX, imm16",True,
"ADC EAX, imm32",ADC,"EAX, imm32",True,
"ADC RAX, imm32",ADC,"RAX, imm32",True,
"ADC r8, imm8",ADC,"r8, imm8",True,
"ADC m8, imm8",ADC,"m8, imm8",True,
"ADC r16, imm16",ADC,"r16, imm16",True,
"ADC m16, imm16",ADC,"m16, imm16",True,
"ADC r32, imm32",ADC,"r32, imm32",True,
"ADC m32, imm32",ADC,"m32, imm32",True,
"ADC r64, imm32",ADC,"r64, imm32",True,
"ADC m64, imm32",ADC,"m64, imm32",True,
"ADC r16, imm8",ADC,"r16, imm8",True,
"ADC m16, imm8",ADC,"m16, imm8",True,
"ADC r32, imm8",ADC,"r32, imm8",True,
"ADC m32, imm8",ADC,"m32, imm8",True,
"ADC r64, imm8",ADC,"r64, imm8",True,
"ADC m64, imm8",ADC,"m64, imm8",True,
"ADC r8, r8",ADC,"r8, r8",True,
"ADC m8, r8",ADC,"m8, r8",True,
"ADC r16, r16",ADC,"r16, r16",True,
"ADC m16, r16",ADC,"m16, r16",True,
"ADC r32, r32",ADC,"r32, r32",True,
"ADC m32, r32",ADC,"m32, r32",True,
"ADC r64, r64",ADC,"r64, r64",True,
"ADC m64, r64",ADC,"m64, r64",True,
"ADC r8, r8",ADC,"r8, r8",True,
"ADC r8, m8",ADC,"r8, m8",True,
"ADC r16, r16",ADC,"r16, r16",True,
"ADC r16, m16",ADC,"r16, m16",True,
"ADC r32, r32",ADC,"r32, r32",True,
"ADC r32, m32",ADC,"r32, m32",True,
"ADC r64, r64",ADC,"r64, r64",True,
"ADC r64, m64",ADC,"r64, m64",True,
"ADD AL, imm8",ADD,"AL, imm8",True,
"ADD AX, imm16",ADD,"AX, imm16",True,
"ADD EAX, imm32",ADD,"EAX, imm32",True,
"ADD RAX, imm32",ADD,"RAX, imm32",True,
"ADD r8, imm8",ADD,"r8, imm8",True,
"ADD m8, imm8",ADD,"m8, imm8",True,
"ADD r16, imm16",ADD,"r16, imm16",True,
"ADD m16, imm16",ADD,"m16, imm16",True,
"ADD r32, imm32",ADD,"r32, imm32",True,
"ADD m32, imm32",ADD,"m32, imm32",True,
"ADD r64, imm32",ADD,"r64, imm32",True,
"ADD m64, imm32",ADD,"m64, imm32",True,
"ADD r16, imm8",ADD,"r16, imm8",True,
"ADD m16, imm8",ADD,"m16, imm8",True,
"ADD r32, imm8",ADD,"r32, imm8",True,
"ADD m32, imm8",ADD,"m32, imm8",True,
"ADD r64, imm8",ADD,"r64, imm8",True,
"ADD m64, imm8",ADD,"m64, imm8",True,
"ADD r8, r8",ADD,"r8, r8",True,
"ADD m8, r8",ADD,"m8, r8",True,
"ADD r16, r16",ADD,"r16, r16",True,
"ADD m16, r16",ADD,"m16, r16",True,
"ADD r32, r32",ADD,"r32, r32",True,
"ADD m32, r32",ADD,"m32, r32",True,
"ADD r64, r64",ADD,"r64, r64",True,
"ADD m64, r64",ADD,"m64, r64",True,
"ADD r8, r8",ADD,"r8, r8",True,
"ADD r8, m8",ADD,"r8, m8",True,
"ADD r16, r16",ADD,"r16, r16",True,
"ADD r16, m16",ADD,"r16, m16",True,
"ADD r32, r32",ADD,"r32, r32",True,
"ADD r32, m32",ADD,"r32, m32",True,
"ADD r64, r64",ADD,"r64, r64",True,
"ADD r64, m64",ADD,"r64, m64",True,
"AND AL, imm8",AND,"AL, imm8",True,
"AND AX, imm16",AND,"AX, imm16",True,
"AND EAX, imm32",AND,"EAX, imm32",True,
"AND RAX, imm32",AND,"RAX, imm32",True,
"AND r8 , imm8",AND,"r8 , imm8",True,
"AND m8 , imm8",AND,"m8 , imm8",True,
"AND r16, imm16",AND,"r16, imm16",True,
"AND m16, imm16",AND,"m16, imm16",True,
"AND r32, imm32",AND,"r32, imm32",True,
"AND m32, imm32",AND,"m32, imm32",True,
"AND r64, imm32",AND,"r64, imm32",True,
"AND m64, imm32",AND,"m64, imm32",True,
"AND r16, imm8",AND,"r16, imm8",True,
"AND m16, imm8",AND,"m16, imm8",True,
"AND r32, imm8",AND,"r32, imm8",True,
"AND m32, imm8",AND,"m32, imm8",True,
"AND r64, imm8",AND,"r64, imm8",True,
"AND m64, imm8",AND,"m64, imm8",True,
"AND r16, r16",AND,"r16, r16",True,
"AND m16, r16",AND,"m16, r16",True,
"AND r32, r32",AND,"r32, r32",True,
"AND m32, r32",AND,"m32, r32",True,
"AND r64, r64",AND,"r64, r64",True,
"AND m64, r64",AND,"m64, r64",True,
"AND r16, r16",AND,"r16, r16",True,
"AND r16, m16",AND,"r16, m16",True,
"AND r32, r32",AND,"r32, r32",True,
"AND r32, m32",AND,"r32, m32",True,
"AND r64, r64",AND,"r64, r64",True,
"AND r64, m64",AND,"r64, m64",True,
"BSF r16, r16",BSF,"r16, r16",True,
"BSF r16, m16",BSF,"r16, m16",True,
"BSF r32, r32",BSF,"r32, r32",True,
"BSF r32, m32",BSF,"r32, m32",True,
"BSF r64, r64",BSF,"r64, r64",True,
"BSF r64, m64",BSF,"r64, m64",True,
"BSR r16, r16",BSR,"r16, r16",True,
"BSR r16, m16",BSR,"r16, m16",True,
"BSR r32, r32",BSR,"r32, r32",True,
"BSR r32, m32",BSR,"r32, m32",True,
"BSR r64, r64",BSR,"r64, r64",True,
"BSR r64, m64",BSR,"r64, m64",True,
BSWAP r32,BSWAP,r32,True,
BSWAP r64,BSWAP,r64,True,
"BT r16, r16",BT,"r16, r16",True,
"BT m16, r16",BT,"m16, r16",True,
"BT r32, r32",BT,"r32, r32",True,
"BT m32, r32",BT,"m32, r32",True,
"BT r64, r64",BT,"r64, r64",True,
"BT m64, r64",BT,"m64, r64",True,
"BT r16, imm8",BT,"r16, imm8",True,
"BT m16, imm8",BT,"m16, imm8",True,
"BT r32, imm8",BT,"r32, imm8",True,
"BT m32, imm8",BT,"m32, imm8",True,
"BT r64, imm8",BT,"r64, imm8",True,
"BT m64, imm8",BT,"m64, imm8",True,
"BTC r16, r16",BTC,"r16, r16",True,
"BTC m16, r16",BTC,"m16, r16",True,
"BTC r32, r32",BTC,"r32, r32",True,
"BTC m32, r32",BTC,"m32, r32",True,
"BTC r64, r64",BTC,"r64, r64",True,
"BTC m64, r64",BTC,"m64, r64",True,
"BTC r16, imm8",BTC,"r16, imm8",True,
"BTC m16, imm8",BTC,"m16, imm8",True,
"BTC r32, imm8",BTC,"r32, imm8",True,
"BTC m32, imm8",BTC,"m32, imm8",True,
"BTC r64, imm8",BTC,"r64, imm8",True,
"BTC m64, imm8",BTC,"m64, imm8",True,
"BTR r16, r16",BTR,"r16, r16",True,
"BTR m16, r16",BTR,"m16, r16",True,
"BTR r32, r32",BTR,"r32, r32",True,
"BTR m32, r32",BTR,"m32, r32",True,
"BTR r64, r64",BTR,"r64, r64",True,
"BTR m64, r64",BTR,"m64, r64",True,
"BTR r16, imm8",BTR,"r16, imm8",True,
"BTR m16, imm8",BTR,"m16, imm8",True,
"BTR r32, imm8",BTR,"r32, imm8",True,
"BTR m32, imm8",BTR,"m32, imm8",True,
"BTR r64, imm8",BTR,"r64, imm8",True,
"BTR m64, imm8",BTR,"m64, imm8",True,
"BTS r16, r16",BTS,"r16, r16",True,
"BTS m16, r16",BTS,"m16, r16",True,
"BTS r32, r32",BTS,"r32, r32",True,
"BTS m32, r32",BTS,"m32, r32",True,
"BTS r64, r64",BTS,"r64, r64",True,
"BTS m64, r64",BTS,"m64, r64",True,
"BTS r16, imm8",BTS,"r16, imm8",True,
"BTS m16, imm8",BTS,"m16, imm8",True,
"BTS r32, imm8",BTS,"r32, imm8",True,
"BTS m32, imm8",BTS,"m32, imm8",True,
"BTS r64, imm8",BTS,"r64, imm8",True,
"BTS m64, imm8",BTS,"m64, imm8",True,
CALL rel32,CALL,rel32,True,
CALL r64,CALL,r64,True,
CALL m64,CALL,m64,True,
CALL m16:16,CALL,m16:16,True,
CALL m16:32,CALL,m16:32,True,
CALL m16:64,CALL,m16:64,True,
CBW,CBW,,True,
CWDE,CWDE,,True,
CDQE,CDQE,,True,
CLC,CLC,,True,
CLD,CLD,,True,
CLI,CLI,,True,
CLTS,CLTS,,True,
"CMOVA r16, r16",CMOVA,"r16, r16",True,
"CMOVA r16, m16",CMOVA,"r16, m16",True,
"CMOVA r32, r32",CMOVA,"r32, r32",True,
"CMOVA r32, m32",CMOVA,"r32, m32",True,
"CMOVA r64, r64",CMOVA,"r64, r64",True,
"CMOVA r64, m64",CMOVA,"r64, m64",True,
"CMOVAE r16, r16",CMOVAE,"r16, r16",True,
"CMOVAE r16, m16",CMOVAE,"r16, m16",True,
"CMOVAE r32, r32",CMOVAE,"r32, r32",True,
"CMOVAE r32, m32",CMOVAE,"r32, m32",True,
"CMOVAE r64, r64",CMOVAE,"r64, r64",True,
"CMOVAE r64, m64",CMOVAE,"r64, m64",True,
"CMOVB r16, r16",CMOVB,"r16, r16",True,
"CMOVB r16, m16",CMOVB,"r16, m16",True,
"CMOVB r32, r32",CMOVB,"r32, r32",True,
"CMOVB r32, m32",CMOVB,"r32, m32",True,
"CMOVB r64, r64",CMOVB,"r64, r64",True,
"CMOVB r64, m64",CMOVB,"r64, m64",True,
"CMOVBE r16, r16",CMOVBE,"r16, r16",True,
"CMOVBE r16, m16",CMOVBE,"r16, m16",True,
"CMOVBE r32, r32",CMOVBE,"r32, r32",True,
"CMOVBE r32, m32",CMOVBE,"r32, m32",True,
"CMOVBE r64, r64",CMOVBE,"r64, r64",True,
"CMOVBE r64, m64",CMOVBE,"r64, m64",True,
"CMOVC r16, r16",CMOVC,"r16, r16",True,
"CMOVC r16, m16",CMOVC,"r16, m16",True,
"CMOVC r32, r32",CMOVC,"r32, r32",True,
"CMOVC r32, m32",CMOVC,"r32, m32",True,
"CMOVC r64, r64",CMOVC,"r64, r64",True,
"CMOVC r64, m64",CMOVC,"r64, m64",True,
"CMOVE r16, r16",CMOVE,"r16, r16",True,
"CMOVE r16, m16",CMOVE,"r16, m16",True,
"CMOVE r32, r32",CMOVE,"r32, r32",True,
"CMOVE r32, m32",CMOVE,"r32, m32",True,
"CMOVE r64, r64",CMOVE,"r64, r64",True,
"CMOVE r64, m64",CMOVE,"r64, m64",True,
"CMOVG r16, r16",CMOVG,"r16, r16",True,
"CMOVG r16, m16",CMOVG,"r16, m16",True,
"CMOVG r32, r32",CMOVG,"r32, r32",True,
"CMOVG r32, m32",CMOVG,"r32, m32",True,
"CMOVG r64, r64",CMOVG,"r64, r64",True,
"CMOVG r64, m64",CMOVG,"r64, m64",True,
"CMOVGE r16, r16",CMOVGE,"r16, r16",True,
"CMOVGE r16, m16",CMOVGE,"r16, m16",True,
"CMOVGE r32, r32",CMOVGE,"r32, r32",True,
"CMOVGE r32, m32",CMOVGE,"r32, m32",True,
"CMOVGE r64, r64",CMOVGE,"r64, r64",True,
"CMOVGE r64, m64",CMOVGE,"r64, m64",True,
"CMOVL r16, r16",CMOVL,"r16, r16",True,
"CMOVL r16, m16",CMOVL,"r16, m16",True,
"CMOVL r32, r32",CMOVL,"r32, r32",True,
"CMOVL r32, m32",CMOVL,"r32, m32",True,
"CMOVL r64, r64",CMOVL,"r64, r64",True,
"CMOVL r64, m64",CMOVL,"r64, m64",True,
"CMOVLE r16, r16",CMOVLE,"r16, r16",True,
"CMOVLE r16, m16",CMOVLE,"r16, m16",True,
"CMOVLE r32, r32",CMOVLE,"r32, r32",True,
"CMOVLE r32, m32",CMOVLE,"r32, m32",True,
"CMOVLE r64, r64",CMOVLE,"r64, r64",True,
"CMOVLE r64, m64",CMOVLE,"r64, m64",True,
"CMOVNA r16, r16",CMOVNA,"r16, r16",True,
"CMOVNA r16, m16",CMOVNA,"r16, m16",True,
"CMOVNA r32, r32",CMOVNA,"r32, r32",True,
"CMOVNA r32, m32",CMOVNA,"r32, m32",True,
"CMOVNA r64, r64",CMOVNA,"r64, r64",True,
"CMOVNA r64, m64",CMOVNA,"r64, m64",True,
"CMOVNAE r16, r16",CMOVNAE,"r16, r16",True,
"CMOVNAE r16, m16",CMOVNAE,"r16, m16",True,
"CMOVNAE r32, r32",CMOVNAE,"r32, r32",True,
"CMOVNAE r32, m32",CMOVNAE,"r32, m32",True,
"CMOVNAE r64, r64",CMOVNAE,"r64, r64",True,
"CMOVNAE r64, m64",CMOVNAE,"r64, m64",True,
"CMOVNB r16, r16",CMOVNB,"r16, r16",True,
"CMOVNB r16, m16",CMOVNB,"r16, m16",True,
"CMOVNB r32, r32",CMOVNB,"r32, r32",True,
"CMOVNB r32, m32",CMOVNB,"r32, m32",True,
"CMOVNB r64, r64",CMOVNB,"r64, r64",True,
"CMOVNB r64, m64",CMOVNB,"r64, m64",True,
"CMOVNBE r16, r16",CMOVNBE,"r16, r16",True,
"CMOVNBE r16, m16",CMOVNBE,"r16, m16",True,
"CMOVNBE r32, r32",CMOVNBE,"r32, r32",True,
"CMOVNBE r32, m32",CMOVNBE,"r32, m32",True,
"CMOVNBE r64, r64",CMOVNBE,"r64, r64",True,
"CMOVNBE r64, m64",CMOVNBE,"r64, m64",True,
"CMOVNC r16, r16",CMOVNC,"r16, r16",True,
"CMOVNC r16, m16",CMOVNC,"r16, m16",True,
"CMOVNC r32, r32",CMOVNC,"r32, r32",True,
"CMOVNC r32, m32",CMOVNC,"r32, m32",True,
"CMOVNC r64, r64",CMOVNC,"r64, r64",True,
"CMOVNC r64, m64",CMOVNC,"r64, m64",True,
"CMOVNE r16, r16",CMOVNE,"r16, r16",True,
"CMOVNE r16, m16",CMOVNE,"r16, m16",True,
"CMOVNE r32, r32",CMOVNE,"r32, r32",True,
"CMOVNE r32, m32",CMOVNE,"r32, m32",True,
"CMOVNE r64, r64",CMOVNE,"r64, r64",True,
"CMOVNE r64, m64",CMOVNE,"r64, m64",True,
"CMOVNG r16, r16",CMOVNG,"r16, r16",True,
"CMOVNG r16, m16",CMOVNG,"r16, m16",True,
"CMOVNG r32, r32",CMOVNG,"r32, r32",True,
"CMOVNG r32, m32",CMOVNG,"r32, m32",True,
"CMOVNG r64, r64",CMOVNG,"r64, r64",True,
"CMOVNG r64, m64",CMOVNG,"r64, m64",True,
"CMOVNGE r16, r16",CMOVNGE,"r16, r16",True,
"CMOVNGE r16, m16",CMOVNGE,"r16, m16",True,
"CMOVNGE r32, r32",CMOVNGE,"r32, r32",True,
"CMOVNGE r32, m32",CMOVNGE,"r32, m32",True,
"CMOVNGE r64, r64",CMOVNGE,"r64, r64",True,
"CMOVNGE r64, m64",CMOVNGE,"r64, m64",True,
"CMOVNL r16, r16",CMOVNL,"r16, r16",True,
"CMOVNL r16, m16",CMOVNL,"r16, m16",True,
"CMOVNL r32, r32",CMOVNL,"r32, r32",True,
"CMOVNL r32, m32",CMOVNL,"r32, m32",True,
"CMOVNL r64, r64",CMOVNL,"r64, r64",True,
"CMOVNL r64, m64",CMOVNL,"r64, m64",True,
"CMOVNLE r16, r16",CMOVNLE,"r16, r16",True,
"CMOVNLE r16, m16",CMOVNLE,"r16, m16",True,
"CMOVNLE r32, r32",CMOVNLE,"r32, r32",True,
"CMOVNLE r32, m32",CMOVNLE,"r32, m32",True,
"CMOVNLE r64, r64",CMOVNLE,"r64, r64",True,
"CMOVNLE r64, m64",CMOVNLE,"r64, m64",True,
"CMOVNO r16, r16",CMOVNO,"r16, r16",True,
"CMOVNO r16, m16",CMOVNO,"r16, m16",True,
"CMOVNO r32, r32",CMOVNO,"r32, r32",True,
"CMOVNO r32, m32",CMOVNO,"r32, m32",True,
"CMOVNO r64, r64",CMOVNO,"r64, r64",True,
"CMOVNO r64, m64",CMOVNO,"r64, m64",True,
"CMOVNP r16, r16",CMOVNP,"r16, r16",True,
"CMOVNP r16, m16",CMOVNP,"r16, m16",True,
"CMOVNP r32, r32",CMOVNP,"r32, r32",True,
"CMOVNP r32, m32",CMOVNP,"r32, m32",True,
"CMOVNP r64, r64",CMOVNP,"r64, r64",True,
"CMOVNP r64, m64",CMOVNP,"r64, m64",True,
"CMOVNS r16, r16",CMOVNS,"r16, r16",True,
"CMOVNS r16, m16",CMOVNS,"r16, m16",True,
"CMOVNS r32, r32",CMOVNS,"r32, r32",True,
"CMOVNS r32, m32",CMOVNS,"r32, m32",True,
"CMOVNS r64, r64",CMOVNS,"r64, r64",True,
"CMOVNS r64, m64",CMOVNS,"r64, m64",True,
"CMOVNZ r16, r16",CMOVNZ,"r16, r16",True,
"CMOVNZ r16, m16",CMOVNZ,"r16, m16",True,
"CMOVNZ r32, r32",CMOVNZ,"r32, r32",True,
"CMOVNZ r32, m32",CMOVNZ,"r32, m32",True,
"CMOVNZ r64, r64",CMOVNZ,"r64, r64",True,
"CMOVNZ r64, m64",CMOVNZ,"r64, m64",True,
"CMOVO r16, r16",CMOVO,"r16, r16",True,
"CMOVO r16, m16",CMOVO,"r16, m16",True,
"CMOVO r32, r32",CMOVO,"r32, r32",True,
"CMOVO r32, m32",CMOVO,"r32, m32",True,
"CMOVO r64, r64",CMOVO,"r64, r64",True,
"CMOVO r64, m64",CMOVO,"r64, m64",True,
"CMOVP r16, r16",CMOVP,"r16, r16",True,
"CMOVP r16, m16",CMOVP,"r16, m16",True,
"CMOVP r32, r32",CMOVP,"r32, r32",True,
"CMOVP r32, m32",CMOVP,"r32, m32",True,
"CMOVP r64, r64",CMOVP,"r64, r64",True,
"CMOVP r64, m64",CMOVP,"r64, m64",True,
"CMOVPE r16, r16",CMOVPE,"r16, r16",True,
"CMOVPE r16, m16",CMOVPE,"r16, m16",True,
"CMOVPE r32, r32",CMOVPE,"r32, r32",True,
"CMOVPE r32, m32",CMOVPE,"r32, m32",True,
"CMOVPE r64, r64",CMOVPE,"r64, r64",True,
"CMOVPE r64, m64",CMOVPE,"r64, m64",True,
"CMOVPO r16, r16",CMOVPO,"r16, r16",True,
"CMOVPO r16, m16",CMOVPO,"r16, m16",True,
"CMOVPO r32, r32",CMOVPO,"r32, r32",True,
"CMOVPO r32, m32",CMOVPO,"r32, m32",True,
"CMOVPO r64, r64",CMOVPO,"r64, r64",True,
"CMOVPO r64, m64",CMOVPO,"r64, m64",True,
"CMOVS r16, r16",CMOVS,"r16, r16",True,
"CMOVS r16, m16",CMOVS,"r16, m16",True,
"CMOVS r32, r32",CMOVS,"r32, r32",True,
"CMOVS r32, m32",CMOVS,"r32, m32",True,
"CMOVS r64, r64",CMOVS,"r64, r64",True,
"CMOVS r64, m64",CMOVS,"r64, m64",True,
"CMOVZ r16, r16",CMOVZ,"r16, r16",True,
"CMOVZ r16, m16",CMOVZ,"r16, m16",True,
"CMOVZ r32, r32",CMOVZ,"r32, r32",True,
"CMOVZ r32, m32",CMOVZ,"r32, m32",True,
"CMOVZ r64, r64",CMOVZ,"r64, r64",True,
"CMOVZ r64, m64",CMOVZ,"r64, m64",True,
"CMP AL, imm8",CMP,"AL, imm8",True,
"CMP AX, imm16",CMP,"AX, imm16",True,
"CMP EAX, imm32",CMP,"EAX, imm32",True,
"CMP RAX, imm32",CMP,"RAX, imm32",True,
"CMP r8, imm8",CMP,"r8, imm8",True,
"CMP m8, imm8",CMP,"m8, imm8",True,
"CMP r16, imm16",CMP,"r16, imm16",True,
"CMP m16, imm16",CMP,"m16, imm16",True,
"CMP r32, imm32",CMP,"r32, imm32",True,
"CMP m32, imm32",CMP,"m32, imm32",True,
"CMP r64, imm32",CMP,"r64, imm32",True,
"CMP m64, imm32",CMP,"m64, imm32",True,
"CMP r16, imm8",CMP,"r16, imm8",True,
"CMP m16, imm8",CMP,"m16, imm8",True,
"CMP r32, imm8",CMP,"r32, imm8",True,
"CMP m32, imm8",CMP,"m32, imm8",True,
"CMP r64, imm8",CMP,"r64, imm8",True,
"CMP m64, imm8",CMP,"m64, imm8",True,
"CMP r8, r8",CMP,"r8, r8",True,
"CMP m8, r8",CMP,"m8, r8",True,
"CMP r16, r16",CMP,"r16, r16",True,
"CMP m16, r16",CMP,"m16, r16",True,
"CMP r32, r32",CMP,"r32, r32",True,
"CMP m32, r32",CMP,"m32, r32",True,
"CMP r64,r64",CMP,"r64,r64",True,
"CMP m64,r64",CMP,"m64,r64",True,
"CMP r8, r8",CMP,"r8, r8",True,
"CMP r8, m8",CMP,"r8, m8",True,
"CMP r16, r16",CMP,"r16, r16",True,
"CMP r16, m16",CMP,"r16, m16",True,
"CMP r32, r32",CMP,"r32, r32",True,
"CMP r32, m32",CMP,"r32, m32",True,
"CMP r64, r64",CMP,"r64, r64",True,
"CMP r64, m64",CMP,"r64, m64",True,
"CMPS m8, m8",CMPS,"m8, m8",True,
"CMPS m16, m16",CMPS,"m16, m16",True,
"CMPS m32, m32",CMPS,"m32, m32",True,
"CMPS m64, m64",CMPS,"m64, m64",True,
CMPSB,CMPSB,,True,
CMPSW,CMPSW,,True,
CMPSD,CMPSD,,True,
CMPSQ,CMPSQ,,True,
"CMPXCHG r8, r8",CMPXCHG,"r8, r8",True,
"CMPXCHG m8, r8",CMPXCHG,"m8, r8",True,
"CMPXCHG r16, r16",CMPXCHG,"r16, r16",True,
"CMPXCHG m16, r16",CMPXCHG,"m16, r16",True,
"CMPXCHG r32, r32",CMPXCHG,"r32, r32",True,
"CMPXCHG m32, r32",CMPXCHG,"m32, r32",True,
"CMPXCHG r64, r64",CMPXCHG,"r64, r64",True,
"CMPXCHG m64, r64",CMPXCHG,"m64, r64",True,
"CRC32 r32, r8",CRC32,"r32, r8",True,
"CRC32 r32, m8",CRC32,"r32, m8",True,
"CRC32 r32, r16",CRC32,"r32, r16",True,
"CRC32 r32, m16",CRC32,"r32, m16",True,
"CRC32 r32, r32",CRC32,"r32, r32",True,
"CRC32 r32, m32",CRC32,"r32, m32",True,
"CRC32 r64, r8",CRC32,"r64, r8",True,
"CRC32 r64, m8",CRC32,"r64, m8",True,
"CRC32 r64, r64",CRC32,"r64, r64",True,
"CRC32 r64, m64",CRC32,"r64, m64",True,
CWD,CWD,,True,
CDQ,CDQ,,True,
CQO,CQO,,True,
DEC r8,DEC,r8,True,
DEC m8,DEC,m8,True,
DEC r16,DEC,r16,True,
DEC m16,DEC,m16,True,
DEC r32,DEC,r32,True,
DEC m32,DEC,m32,True,
DEC r64,DEC,r64,True,
DEC m64,DEC,m64,True,
DIV r8,DIV,r8,True,
DIV m8,DIV,m8,True,
DIV r16,DIV,r16,True,
DIV m16,DIV,m16,True,
DIV r32,DIV,r32,True,
DIV m32,DIV,m32,True,
DIV r64,DIV,r64,True,
DIV m64,DIV,m64,True,
EMMS,EMMS,,True,
"ENTER imm16, 0",ENTER,"imm16, 0",True,
"ENTER imm16,1",ENTER,"imm16,1",True,
"ENTER imm16, imm8",ENTER,"imm16, imm8",True,
ERETS,ERETS,,True,
ERETU,ERETU,,True,
F2XM1,F2XM1,,True,
FABS,FABS,,True,
FADD m32fp,FADD,m32fp,True,
FADD m64fp,FADD,m64fp,True,
"FADD ST(0), ST(i)",FADD,"ST(0), ST(i)",True,
"FADD ST(i), ST(0)",FADD,"ST(i), ST(0)",True,
"FADDP ST(i), ST(0)",FADDP,"ST(i), ST(0)",True,
FADDP,FADDP,,True,
FIADD m32int,FIADD,m32int,True,
FIADD m16int,FIADD,m16int,True,
FBLD m80bcd,FBLD,m80bcd,False,m80bcd
FBSTP m80bcd,FBSTP,m80bcd,False,m80bcd
FCHS,FCHS,,True,
FCLEX,FCLEX,,True,
FNCLEX,FNCLEX,,True,
"FCMOVB ST(0), ST(i)",FCMOVB,"ST(0), ST(i)",True,
"FCMOVE ST(0), ST(i)",FCMOVE,"ST(0), ST(i)",True,
"FCMOVBE ST(0), ST(i)",FCMOVBE,"ST(0), ST(i)",True,
"FCMOVU ST(0), ST(i)",FCMOVU,"ST(0), ST(i)",True,
"FCMOVNB ST(0), ST(i)",FCMOVNB,"ST(0), ST(i)",True,
"FCMOVNE ST(0), ST(i)",FCMOVNE,"ST(0), ST(i)",True,
"FCMOVNBE ST(0), ST(i)",FCMOVNBE,"ST(0), ST(i)",True,
"FCMOVNU ST(0), ST(i)",FCMOVNU,"ST(0), ST(i)",True,
FCOM m32fp,FCOM,m32fp,True,
FCOM m64fp,FCOM,m64fp,True,
FCOM ST(i),FCOM,ST(i),True,
FCOM,FCOM,,True,
FCOMP m32fp,FCOMP,m32fp,True,
FCOMP m64fp,FCOMP,m64fp,True,
FCOMP ST(i),FCOMP,ST(i),True,
FCOMP,FCOMP,,True,
FCOMPP,FCOMPP,,True,
"FCOMI ST, ST(i)",FCOMI,"ST, ST(i)",True,
"FCOMIP ST, ST(i)",FCOMIP,"ST, ST(i)",True,
"FUCOMI ST, ST(i)",FUCOMI,"ST, ST(i)",True,
"FUCOMIP ST, ST(i)",FUCOMIP,"ST, ST(i)",True,
FCOS,FCOS,,True,
FDECSTP,FDECSTP,,True,
FDIV m32fp,FDIV,m32fp,True,
FDIV m64fp,FDIV,m64fp,True,
"FDIV ST(0), ST(i)",FDIV,"ST(0), ST(i)",True,
"FDIV ST(i), ST(0)",FDIV,"ST(i), ST(0)",True,
"FDIVP ST(i), ST(0)",FDIVP,"ST(i), ST(0)",True,
FDIVP,FDIVP,,True,
FIDIV m32int,FIDIV,m32int,True,
FIDIV m16int,FIDIV,m16int,True,
FDIVR m32fp,FDIVR,m32fp,True,
FDIVR m64fp,FDIVR,m64fp,True,
"FDIVR ST(0), ST(i)",FDIVR,"ST(0), ST(i)",True,
"FDIVR ST(i), ST(0)",FDIVR,"ST(i), ST(0)",True,
"FDIVRP ST(i), ST(0)",FDIVRP,"ST(i), ST(0)",True,
FDIVRP,FDIVRP,,True,
FIDIVR m32int,FIDIVR,m32int,True,
FIDIVR m16int,FIDIVR,m16int,True,
FFREE ST(i),FFREE,ST(i),True,
FICOM m16int,FICOM,m16int,True,
FICOM m32int,FICOM,m32int,True,
FICOMP m16int,FICOMP,m16int,True,
FICOMP m32int,FICOMP,m32int,True,
FILD m16int,FILD,m16int,True,
FILD m32int,FILD,m32int,True,
FILD m64int,FILD,m64int,True,
FINCSTP,FINCSTP,,True,
FINIT,FINIT,,True,
FNINIT,FNINIT,,True,
FIST m16int,FIST,m16int,True,
FIST m32int,FIST,m32int,True,
FISTP m16int,FISTP,m16int,True,
FISTP m32int,FISTP,m32int,True,
FISTP m64int,FISTP,m64int,True,
FISTTP m16int,FISTTP,m16int,True,
FISTTP m32int,FISTTP,m32int,True,
FISTTP m64int,FISTTP,m64int,True,
FLD m32fp,FLD,m32fp,True,
FLD m64fp,FLD,m64fp,True,
FLD m80fp,FLD,m80fp,True,
FLD ST(i),FLD,ST(i),True,
FLD1,FLD1,,True,
FLDL2T,FLDL2T,,True,
FLDL2E,FLDL2E,,True,
FLDPI,FLDPI,,True,
FLDLG2,FLDLG2,,True,
FLDLN2,FLDLN2,,True,
FLDZ,FLDZ,,True,
FLDCW m2byte,FLDCW,m2byte,False,m2byte
FLDENV m14/28byte,FLDENV,m14/28byte,False,m14/28byte
FMUL m32fp,FMUL,m32fp,True,
FMUL m64fp,FMUL,m64fp,True,
"FMUL ST(0), ST(i)",FMUL,"ST(0), ST(i)",True,
"FMUL ST(i), ST(0)",FMUL,"ST(i), ST(0)",True,
"FMULP ST(i), ST(0)",FMULP,"ST(i), ST(0)",True,
FMULP,FMULP,,True,
FIMUL m32int,FIMUL,m32int,True,
FIMUL m16int,FIMUL,m16int,True,
FNOP,FNOP,,True,
FPATAN,FPATAN,,True,
FPREM,FPREM,,True,
FPREM1,FPREM1,,True,
FPTAN,FPTAN,,True,
FRNDINT,FRNDINT,,True,
FRSTOR m94/108byte,FRSTOR,m94/108byte,False,m94/108byte
FSAVE m94/108byte,FSAVE,m94/108byte,False,m94/108byte
FNSAVE m94/108byte,FNSAVE,m94/108byte,False,m94/108byte
FSCALE,FSCALE,,True,
FSIN,FSIN,,True,
FSINCOS,FSINCOS,,True,
FSQRT,FSQRT,,True,
FST m32fp,FST,m32fp,True,
FST m64fp,FST,m64fp,True,
FST ST(i),FST,ST(i),True,
FSTP m32fp,FSTP,m32fp,True,
FSTP m64fp,FSTP,m64fp,True,
FSTP m80fp,FSTP,m80fp,True,
FSTP ST(i),FSTP,ST(i),True,
FSTCW m2byte,FSTCW,m2byte,False,m2byte
FNSTCW m2byte,FNSTCW,m2byte,False,m2byte
FSTENV m14/28byte,FSTENV,m14/28byte,False,m14/28byte
FNSTENV m14/28byte,FNSTENV,m14/28byte,False,m14/28byte
FSTSW m2byte,FSTSW,m2byte,False,m2byte
FSTSW AX,FSTSW,AX,True,
FNSTSW m2byte,FNSTSW,m2byte,False,m2byte
FNSTSW AX,FNSTSW,AX,True,
FSUB m32fp,FSUB,m32fp,True,
FSUB m64fp,FSUB,m64fp,True,
"FSUB ST(0), ST(i)",FSUB,"ST(0), ST(i)",True,
"FSUB ST(i), ST(0)",FSUB,"ST(i), ST(0)",True,
"FSUBP ST(i), ST(0)",FSUBP,"ST(i), ST(0)",True,
FSUBP,FSUBP,,True,
FISUB m32int,FISUB,m32int,True,
FISUB m16int,FISUB,m16int,True,
FSUBR m32fp,FSUBR,m32fp,True,
FSUBR m64fp,FSUBR,m64fp,True,
"FSUBR ST(0), ST(i)",FSUBR,"ST(0), ST(i)",True,
"FSUBR ST(i), ST(0)",FSUBR,"ST(i), ST(0)",True,
"FSUBRP ST(i), ST(0)",FSUBRP,"ST(i), ST(0)",True,
FSUBRP,FSUBRP,,True,
FISUBR m32int,FISUBR,m32int,True,
FISUBR m16int,FISUBR,m16int,True,
FTST,FTST,,True,
FUCOM ST(i),FUCOM,ST(i),True,
FUCOM,FUCOM,,True,
FUCOMP ST(i),FUCOMP,ST(i),True,
FUCOMP,FUCOMP,,True,
FUCOMPP,FUCOMPP,,True,
FXAM,FXAM,,True,
FXCH ST(i),FXCH,ST(i),True,
FXCH,FXCH,,True,
FYL2X,FYL2X,,True,
FYL2XP1,FYL2XP1,,True,
HLT,HLT,,True,
IDIV r8,IDIV,r8,True,
IDIV m8,IDIV,m8,True,
IDIV r16,IDIV,r16,True,
IDIV m16,IDIV,m16,True,
IDIV r32,IDIV,r32,True,
IDIV m32,IDIV,m32,True,
IDIV r64,IDIV,r64,True,
IDIV m64,IDIV,m64,True,
IMUL r8,IMUL,r8,True,
IMUL m8,IMUL,m8,True,
IMUL r16,IMUL,r16,True,
IMUL m16,IMUL,m16,True,
IMUL r32,IMUL,r32,True,
IMUL m32,IMUL,m32,True,
IMUL r64,IMUL,r64,True,
IMUL m64,IMUL,m64,True,
"IMUL r16, r16",IMUL,"r16, r16",True,
"IMUL r16, m16",IMUL,"r16, m16",True,
"IMUL r32, r32",IMUL,"r32, r32",True,
"IMUL r32, m32",IMUL,"r32, m32",True,
"IMUL r64, r64",IMUL,"r64, r64",True,
"IMUL r64, m64",IMUL,"r64, m64",True,
"IMUL r16, r16, imm8",IMUL,"r16, r16, imm8",True,
"IMUL r16, m16, imm8",IMUL,"r16, m16, imm8",True,
"IMUL r32, r32, imm8",IMUL,"r32, r32, imm8",True,
"IMUL r32, m32, imm8",IMUL,"r32, m32, imm8",True,
"IMUL r64, r64, imm8",IMUL,"r64, r64, imm8",True,
"IMUL r64, m64, imm8",IMUL,"r64, m64, imm8",True,
"IMUL r16, r16, imm16",IMUL,"r16, r16, imm16",True,
"IMUL r16, m16, imm16",IMUL,"r16, m16, imm16",True,
"IMUL r32, r32, imm32",IMUL,"r32, r32, imm32",True,
"IMUL r32, m32, imm32",IMUL,"r32, m32, imm32",True,
"IMUL r64, r64, imm32",IMUL,"r64, r64, imm32",True,
"IMUL r64, m64, imm32",IMUL,"r64, m64, imm32",True,
"IN AL, imm8",IN,"AL, imm8",True,
"IN AX, imm8",IN,"AX, imm8",True,
"IN EAX, imm8",IN,"EAX, imm8",True,
"IN AL,DX",IN,"AL,DX",True,
"IN AX,DX",IN,"AX,DX",True,
"IN EAX,DX",IN,"EAX,DX",True,
INC r8,INC,r8,True,
INC m8,INC,m8,True,
INC r16,INC,r16,True,
INC m16,INC,m16,True,
INC r32,INC,r32,True,
INC m32,INC,m32,True,
INC r64,INC,r64,True,
INC m64,INC,m64,True,
"INS m8, DX",INS,"m8, DX",True,
"INS m16, DX",INS,"m16, DX",True,
"INS m32, DX",INS,"m32, DX",True,
INSB,INSB,,True,
INSW,INSW,,True,
INSD,INSD,,True,
INT3,INT3,,True,
INT imm8,INT,imm8,True,
INT1,INT1,,True,
INVD,INVD,,True,
INVLPG m,INVLPG,m,True,
IRET,IRET,,True,
IRETD,IRETD,,True,
IRETQ,IRETQ,,True,
JA rel8,JA,rel8,True,
JAE rel8,JAE,rel8,True,
JB rel8,JB,rel8,True,
JBE rel8,JBE,rel8,True,
JC rel8,JC,rel8,True,
JRCXZ rel8,JRCXZ,rel8,True,
JE rel8,JE,rel8,True,
JG rel8,JG,rel8,True,
JGE rel8,JGE,rel8,True,
JL rel8,JL,rel8,True,
JLE rel8,JLE,rel8,True,
JNA rel8,JNA,rel8,True,
JNAE rel8,JNAE,rel8,True,
JNB rel8,JNB,rel8,True,
JNBE rel8,JNBE,rel8,True,
JNC rel8,JNC,rel8,True,
JNE rel8,JNE,rel8,True,
JNG rel8,JNG,rel8,True,
JNGE rel8,JNGE,rel8,True,
JNL rel8,JNL,rel8,True,
JNLE rel8,JNLE,rel8,True,
JNO rel8,JNO,rel8,True,
JNP rel8,JNP,rel8,True,
JNS rel8,JNS,rel8,True,
JNZ rel8,JNZ,rel8,True,
JO rel8,JO,rel8,True,
JP rel8,JP,rel8,True,
JPE rel8,JPE,rel8,True,
JPO rel8,JPO,rel8,True,
JS rel8,JS,rel8,True,
JZ rel8,JZ,rel8,True,
JA rel32,JA,rel32,True,
JAE rel32,JAE,rel32,True,
JB rel32,JB,rel32,True,
JBE rel32,JBE,rel32,True,
JC rel32,JC,rel32,True,
JE rel32,JE,rel32,True,
JZ rel32,JZ,rel32,True,
JG rel32,JG,rel32,True,
JGE rel32,JGE,rel32,True,
JL rel32,JL,rel32,True,
JLE rel32,JLE,rel32,True,
JNA rel32,JNA,rel32,True,
JNAE rel32,JNAE,rel32,True,
JNB rel32,JNB,rel32,True,
JNBE rel32,JNBE,rel32,True,
JNC rel32,JNC,rel32,True,
JNE rel32,JNE,rel32,True,
JNG rel32,JNG,rel32,True,
JNGE rel32,JNGE,rel32,True,
JNL rel32,JNL,rel32,True,
JNLE rel32,JNLE,rel32,True,
JNO rel32,JNO,rel32,True,
JNP rel32,JNP,rel32,True,
JNS rel32,JNS,rel32,True,
JNZ rel32,JNZ,rel32,True,
JO rel32,JO,rel32,True,
JP rel32,JP,rel32,True,
JPE rel32,JPE,rel32,True,
JPO rel32,JPO,rel32,True,
JS rel32,JS,rel32,True,
JMP rel8,JMP,rel8,True,
JMP rel32,JMP,rel32,True,
JMP r64,JMP,r64,True,
JMP m64,JMP,m64,True,
JMP ptr16:16,JMP,ptr16:16,True,
JMP ptr16:32,JMP,ptr16:32,True,
JMP m16:16,JMP,m16:16,True,
JMP m16:32,JMP,m16:32,True,
JMP m16:64,JMP,m16:64,True,
LAHF,LAHF,,True,
"LAR r16, r16/m16",LAR,"r16, r16/m16",True,
"LAR r32, r32/m16",LAR,"r32, r32/m16",True,
"LSS r16,m16:16",LSS,"r16,m16:16",True,
"LSS r32,m16:32",LSS,"r32,m16:32",True,
"LSS r64,m16:64",LSS,"r64,m16:64",True,
"LFS r16,m16:16",LFS,"r16,m16:16",True,
"LFS r32,m16:32",LFS,"r32,m16:32",True,
"LFS r64,m16:64",LFS,"r64,m16:64",True,
"LGS r16,m16:16",LGS,"r16,m16:16",True,
"LGS r32,m16:32",LGS,"r32,m16:32",True,
"LGS r64,m16:64",LGS,"r64,m16:64",True,
"LEA r16,m",LEA,"r16,m",True,
"LEA r32,m",LEA,"r32,m",True,
"LEA r64,m",LEA,"r64,m",True,
LEAVE,LEAVE,,True,
LGDT m16&64,LGDT,m16&64,False,m16&64
LIDT m16&64,LIDT,m16&64,False,m16&64
LKGS r16,LKGS,r16,True,
LKGS m16,LKGS,m16,True,
LLDT r16,LLDT,r16,True,
LLDT m16,LLDT,m16,True,
LMSW r16,LMSW,r16,True,
LMSW m16,LMSW,m16,True,
LOCK,LOCK,,True,
LODS m8,LODS,m8,True,
LODS m16,LODS,m16,True,
LODS m32,LODS,m32,True,
LODS m64,LODS,m64,True,
LODSB,LODSB,,True,
LODSW,LODSW,,True,
LODSD,LODSD,,True,
LODSQ,LODSQ,,True,
LOOP rel8,LOOP,rel8,True,
LOOPE rel8,LOOPE,rel8,True,
LOOPNE rel8,LOOPNE,rel8,True,
"LSL r16, r16/m16",LSL,"r16, r16/m16",True,
"LSL r32, r32/m16",LSL,"r32, r32/m16",True,
"LSL r64, r32/m16",LSL,"r64, r32/m16",True,
LTR r16,LTR,r16,True,
LTR m16,LTR,m16,True,
MONITOR,MONITOR,,True,
"MOV r8, r8",MOV,"r8, r8",True,
"MOV m8, r8",MOV,"m8, r8",True,
"MOV r16, r16",MOV,"r16, r16",True,
"MOV m16, r16",MOV,"m16, r16",True,
"MOV r32, r32",MOV,"r32, r32",True,
"MOV m32, r32",MOV,"m32, r32",True,
"MOV r64, r64",MOV,"r64, r64",True,
"MOV m64, r64",MOV,"m64, r64",True,
"MOV r8, r8",MOV,"r8, r8",True,
"MOV r8, m8",MOV,"r8, m8",True,
"MOV r16, r16",MOV,"r16, r16",True,
"MOV r16, m16",MOV,"r16, m16",True,
"MOV r32, r32",MOV,"r32, r32",True,
"MOV r32, m32",MOV,"r32, m32",True,
"MOV r64, r64",MOV,"r64, r64",True,
"MOV r64, m64",MOV,"r64, m64",True,
"MOV r16, Sreg",MOV,"r16, Sreg",True,
"MOV m16, Sreg",MOV,"m16, Sreg",True,
"MOV r16/r32/m16, Sreg",MOV,"r16/r32/m16, Sreg",True,
"MOV r64/m16, Sreg",MOV,"r64/m16, Sreg",True,
"MOV Sreg, r16",MOV,"Sreg, r16",True,
"MOV Sreg, m16",MOV,"Sreg, m16",True,
"MOV Sreg, r64",MOV,"Sreg, r64",True,
"MOV Sreg, m64",MOV,"Sreg, m64",True,
"MOV AL, moffs8",MOV,"AL, moffs8",True,
"MOV AL, moffs8",MOV,"AL, moffs8",True,
"MOV AX, moffs16",MOV,"AX, moffs16",True,
"MOV EAX, moffs32",MOV,"EAX, moffs32",True,
"MOV RAX, moffs64",MOV,"RAX, moffs64",True,
"MOV moffs8, AL",MOV,"moffs8, AL",True,
"MOV moffs8, AL",MOV,"moffs8, AL",True,
"MOV moffs16, AX",MOV,"moffs16, AX",True,
"MOV moffs32, EAX",MOV,"moffs32, EAX",True,
"MOV moffs64, RAX",MOV,"moffs64, RAX",True,
"MOV r8, imm8",MOV,"r8, imm8",True,
"MOV r16, imm16",MOV,"r16, imm16",True,
"MOV r32, imm32",MOV,"r32, imm32",True,
"MOV r64, imm64",MOV,"r64, imm64",True,
"MOV r8, imm8",MOV,"r8, imm8",True,
"MOV m8, imm8",MOV,"m8, imm8",True,
"MOV r16, imm16",MOV,"r16, imm16",True,
"MOV m16, imm16",MOV,"m16, imm16",True,
"MOV r32, imm32",MOV,"r32, imm32",True,
"MOV m32, imm32",MOV,"m32, imm32",True,
"MOV r64, imm32",MOV,"r64, imm32",True,
"MOV m64, imm32",MOV,"m64, imm32",True,
"MOV r64, CR0–CR7",MOV,"r64, CR0–CR7",False,CR0–CR7
"MOV r64, CR8",MOV,"r64, CR8",False,CR8
"MOV CR0–CR7, r64",MOV,"CR0–CR7, r64",False,CR0–CR7
"MOV CR8, r64",MOV,"CR8, r64",False,CR8
"MOV r64, DR0–DR7",MOV,"r64, DR0–DR7",False,DR0–DR7
"MOV DR0–DR7, r64",MOV,"DR0–DR7, r64",False,DR0–DR7
"MOVDQ2Q mm, xmm",MOVDQ2Q,"mm, xmm",True,
"MOVNTQ m64, mm",MOVNTQ,"m64, mm",True,
"MOVS m8, m8",MOVS,"m8, m8",True,
"MOVS m16, m16",MOVS,"m16, m16",True,
"MOVS m32, m32",MOVS,"m32, m32",True,
"MOVS m64, m64",MOVS,"m64, m64",True,
MOVSB,MOVSB,,True,
MOVSW,MOVSW,,True,
MOVSD,MOVSD,,True,
MOVSQ,MOVSQ,,True,
"MOVSX r16, r8",MOVSX,"r16, r8",True,
"MOVSX r16, m8",MOVSX,"r16, m8",True,
"MOVSX r32, r8",MOVSX,"r32, r8",True,
"MOVSX r32, m8",MOVSX,"r32, m8",True,
"MOVSX r64, r8",MOVSX,"r64, r8",True,
"MOVSX r64, m8",MOVSX,"r64, m8",True,
"MOVSX r32, r16",MOVSX,"r32, r16",True,
"MOVSX r32, m16",MOVSX,"r32, m16",True,
"MOVSX r64, r16",MOVSX,"r64, r16",True,
"MOVSX r64, m16",MOVSX,"r64, m16",True,
"MOVSXD r16, r16",MOVSXD,"r16, r16",True,
"MOVSXD r16, m16",MOVSXD,"r16, m16",True,
"MOVSXD r32, r32",MOVSXD,"r32, r32",True,
"MOVSXD r32, m32",MOVSXD,"r32, m32",True,
"MOVSXD r64, r32",MOVSXD,"r64, r32",True,
"MOVSXD r64, m32",MOVSXD,"r64, m32",True,
"MOVZX r16, r8",MOVZX,"r16, r8",True,
"MOVZX r16, m8",MOVZX,"r16, m8",True,
"MOVZX r32, r8",MOVZX,"r32, r8",True,
"MOVZX r32, m8",MOVZX,"r32, m8",True,
"MOVZX r64, r8",MOVZX,"r64, r8",True,
"MOVZX r64, m8",MOVZX,"r64, m8",True,
"MOVZX r32, r16",MOVZX,"r32, r16",True,
"MOVZX r32, m16",MOVZX,"r32, m16",True,
"MOVZX r64, r16",MOVZX,"r64, r16",True,
"MOVZX r64, m16",MOVZX,"r64, m16",True,
MUL r8,MUL,r8,True,
MUL m8,MUL,m8,True,
MUL r16,MUL,r16,True,
MUL m16,MUL,m16,True,
MUL r32,MUL,r32,True,
MUL m32,MUL,m32,True,
MUL r64,MUL,r64,True,
MUL m64,MUL,m64,True,
MWAIT,MWAIT,,True,
NEG r8,NEG,r8,True,
NEG m8,NEG,m8,True,
NEG r16,NEG,r16,True,
NEG m16,NEG,m16,True,
NEG r32,NEG,r32,True,
NEG m32,NEG,m32,True,
NEG r64,NEG,r64,True,
NEG m64,NEG,m64,True,
NOP,NOP,,True,
NOP r16,NOP,r16,True,
NOP m16,NOP,m16,True,
NOP r32,NOP,r32,True,
NOP m32,NOP,m32,True,
NOT r8,NOT,r8,True,
NOT m8,NOT,m8,True,
NOT r16,NOT,r16,True,
NOT m16,NOT,m16,True,
NOT r32,NOT,r32,True,
NOT m32,NOT,m32,True,
NOT r64,NOT,r64,True,
NOT m64,NOT,m64,True,
"OR AL, imm8",OR,"AL, imm8",True,
"OR AX, imm16",OR,"AX, imm16",True,
"OR EAX, imm32",OR,"EAX, imm32",True,
"OR RAX, imm32",OR,"RAX, imm32",True,
"OR r8, imm8",OR,"r8, imm8",True,
"OR m8, imm8",OR,"m8, imm8",True,
"OR r16, imm16",OR,"r16, imm16",True,
"OR m16, imm16",OR,"m16, imm16",True,
"OR r32, imm32",OR,"r32, imm32",True,
"OR m32, imm32",OR,"m32, imm32",True,
"OR r64, imm32",OR,"r64, imm32",True,
"OR m64, imm32",OR,"m64, imm32",True,
"OR r16, imm8",OR,"r16, imm8",True,
"OR m16, imm8",OR,"m16, imm8",True,
"OR r32, imm8",OR,"r32, imm8",True,
"OR m32, imm8",OR,"m32, imm8",True,
"OR r64, imm8",OR,"r64, imm8",True,
"OR m64, imm8",OR,"m64, imm8",True,
"OR r8, r8",OR,"r8, r8",True,
"OR m8, r8",OR,"m8, r8",True,
"OR r16, r16",OR,"r16, r16",True,
"OR m16, r16",OR,"m16, r16",True,
"OR r32, r32",OR,"r32, r32",True,
"OR m32, r32",OR,"m32, r32",True,
"OR r64, r64",OR,"r64, r64",True,
"OR m64, r64",OR,"m64, r64",True,
"OR r8, r8",OR,"r8, r8",True,
"OR r8, m8",OR,"r8, m8",True,
"OR r16, r16",OR,"r16, r16",True,
"OR r16, m16",OR,"r16, m16",True,
"OR r32, r32",OR,"r32, r32",True,
"OR r32, m32",OR,"r32, m32",True,
"OR r64, r64",OR,"r64, r64",True,
"OR r64, m64",OR,"r64, m64",True,
"OUT imm8, AL",OUT,"imm8, AL",True,
"OUT imm8, AX",OUT,"imm8, AX",True,
"OUT imm8, EAX",OUT,"imm8, EAX",True,
"OUT DX, AL",OUT,"DX, AL",True,
"OUT DX, AX",OUT,"DX, AX",True,
"OUT DX, EAX",OUT,"DX, EAX",True,
"OUTS DX, m8",OUTS,"DX, m8",True,
"OUTS DX, m16",OUTS,"DX, m16",True,
"OUTS DX, m32",OUTS,"DX, m32",True,
OUTSB,OUTSB,,True,
OUTSW,OUTSW,,True,
OUTSD,OUTSD,,True,
PAUSE,PAUSE,,True,
S30,S30,,True,
POP r16,POP,r16,True,
POP m16,POP,m16,True,
POP r64,POP,r64,True,
POP m64,POP,m64,True,
POP r16,POP,r16,True,
POP r64,POP,r64,True,
POP FS,POP,FS,True,
POP GS,POP,GS,True,
"POPCNT r16, r16",POPCNT,"r16, r16",True,
"POPCNT r16, m16",POPCNT,"r16, m16",True,
"POPCNT r32, r32",POPCNT,"r32, r32",True,
"POPCNT r32, m32",POPCNT,"r32, m32",True,
"POPCNT r64, r64",POPCNT,"r64, r64",True,
"POPCNT r64, m64",POPCNT,"r64, m64",True,
POPF,POPF,,True,
POPFQ,POPFQ,,True,
PUSH r16,PUSH,r16,True,
PUSH m16,PUSH,m16,True,
PUSH r64,PUSH,r64,True,
PUSH m64,PUSH,m64,True,
PUSH r16,PUSH,r16,True,
PUSH r64,PUSH,r64,True,
PUSH imm8,PUSH,imm8,True,
PUSH imm16,PUSH,imm16,True,
PUSH imm32,PUSH,imm32,True,
PUSH FS,PUSH,FS,True,
PUSH GS,PUSH,GS,True,
PUSHF,PUSHF,,True,
PUSHFQ,PUSHFQ,,True,
"RCL r8, 1",RCL,"r8, 1",True,
"RCL m8, 1",RCL,"m8, 1",True,
"RCL r8, CL",RCL,"r8, CL",True,
"RCL m8, CL",RCL,"m8, CL",True,
"RCL r8, imm8",RCL,"r8, imm8",True,
"RCL m8, imm8",RCL,"m8, imm8",True,
"RCL r16, 1",RCL,"r16, 1",True,
"RCL m16, 1",RCL,"m16, 1",True,
"RCL r16, CL",RCL,"r16, CL",True,
"RCL m16, CL",RCL,"m16, CL",True,
"RCL r16, imm8",RCL,"r16, imm8",True,
"RCL m16, imm8",RCL,"m16, imm8",True,
"RCL r32, 1",RCL,"r32, 1",True,
"RCL m32, 1",RCL,"m32, 1",True,
"RCL r64, 1",RCL,"r64, 1",True,
"RCL m64, 1",RCL,"m64, 1",True,
"RCL r32, CL",RCL,"r32, CL",True,
"RCL m32, CL",RCL,"m32, CL",True,
"RCL r64, CL",RCL,"r64, CL",True,
"RCL m64, CL",RCL,"m64, CL",True,
"RCL r32, imm8",RCL,"r32, imm8",True,
"RCL m32, imm8",RCL,"m32, imm8",True,
"RCL r64, imm8",RCL,"r64, imm8",True,
"RCL m64, imm8",RCL,"m64, imm8",True,
"RCR r8, 1",RCR,"r8, 1",True,
"RCR m8, 1",RCR,"m8, 1",True,
"RCR r8, CL",RCR,"r8, CL",True,
"RCR m8, CL",RCR,"m8, CL",True,
"RCR r8, imm8",RCR,"r8, imm8",True,
"RCR m8, imm8",RCR,"m8, imm8",True,
"RCR r16, 1",RCR,"r16, 1",True,
"RCR m16, 1",RCR,"m16, 1",True,
"RCR r16, CL",RCR,"r16, CL",True,
"RCR m16, CL",RCR,"m16, CL",True,
"RCR r16, imm8",RCR,"r16, imm8",True,
"RCR m16, imm8",RCR,"m16, imm8",True,
"RCR r32, 1",RCR,"r32, 1",True,
"RCR m32, 1",RCR,"m32, 1",True,
"RCR r64, 1",RCR,"r64, 1",True,
"RCR m64, 1",RCR,"m64, 1",True,
"RCR r32, CL",RCR,"r32, CL",True,
"RCR m32, CL",RCR,"m32, CL",True,
"RCR r64, CL",RCR,"r64, CL",True,
"RCR m64, CL",RCR,"m64, CL",True,
"RCR r32, imm8",RCR,"r32, imm8",True,
"RCR m32, imm8",RCR,"m32, imm8",True,
"RCR r64, imm8",RCR,"r64, imm8",True,
"RCR m64, imm8",RCR,"m64, imm8",True,
"ROL r8, 1",ROL,"r8, 1",True,
"ROL m8, 1",ROL,"m8, 1",True,
"ROL r8, CL",ROL,"r8, CL",True,
"ROL m8, CL",ROL,"m8, CL",True,
"ROL r8, imm8",ROL,"r8, imm8",True,
"ROL m8, imm8",ROL,"m8, imm8",True,
"ROL r16, 1",ROL,"r16, 1",True,
"ROL m16, 1",ROL,"m16, 1",True,
"ROL r16, CL",ROL,"r16, CL",True,
"ROL m16, CL",ROL,"m16, CL",True,
"ROL r16, imm8",ROL,"r16, imm8",True,
"ROL m16, imm8",ROL,"m16, imm8",True,
"ROL r32, 1",ROL,"r32, 1",True,
"ROL m32, 1",ROL,"m32, 1",True,
"ROL r64, 1",ROL,"r64, 1",True,
"ROL m64, 1",ROL,"m64, 1",True,
"ROL r32, CL",ROL,"r32, CL",True,
"ROL m32, CL",ROL,"m32, CL",True,
"ROL r64, CL",ROL,"r64, CL",True,
"ROL m64, CL",ROL,"m64, CL",True,
"ROL r32, imm8",ROL,"r32, imm8",True,
"ROL m32, imm8",ROL,"m32, imm8",True,
"ROL r64, imm8",ROL,"r64, imm8",True,
"ROL m64, imm8",ROL,"m64, imm8",True,
"ROR r8, 1",ROR,"r8, 1",True,
"ROR m8, 1",ROR,"m8, 1",True,
"ROR r8, CL",ROR,"r8, CL",True,
"ROR m8, CL",ROR,"m8, CL",True,
"ROR r8, imm8",ROR,"r8, imm8",True,
"ROR m8, imm8",ROR,"m8, imm8",True,
"ROR r16, 1",ROR,"r16, 1",True,
"ROR m16, 1",ROR,"m16, 1",True,
"ROR r16, CL",ROR,"r16, CL",True,
"ROR m16, CL",ROR,"m16, CL",True,
"ROR r16, imm8",ROR,"r16, imm8",True,
"ROR m16, imm8",ROR,"m16, imm8",True,
"ROR r32, 1",ROR,"r32, 1",True,
"ROR m32, 1",ROR,"m32, 1",True,
"ROR r64, 1",ROR,"r64, 1",True,
"ROR m64, 1",ROR,"m64, 1",True,
"ROR r32, CL",ROR,"r32, CL",True,
"ROR m32, CL",ROR,"m32, CL",True,
"ROR r64, CL",ROR,"r64, CL",True,
"ROR m64, CL",ROR,"m64, CL",True,
"ROR r32, imm8",ROR,"r32, imm8",True,
"ROR m32, imm8",ROR,"m32, imm8",True,
"ROR r64, imm8",ROR,"r64, imm8",True,
"ROR m64, imm8",ROR,"m64, imm8",True,
RDMSR,RDMSR,,True,
RDPKRU,RDPKRU,,True,
RDPMC,RDPMC,,True,
RDTSC,RDTSC,,True,
RDTSCP,RDTSCP,,True,
"REP INS m8, DX",REP,"INS m8, DX",False,INS m8
"REP INS m16, DX",REP,"INS m16, DX",False,INS m16
"REP INS m32, DX",REP,"INS m32, DX",False,INS m32
REP LODS AL,REP,LODS AL,False,LODS AL
REP LODS AX,REP,LODS AX,False,LODS AX
REP LODS EAX,REP,LODS EAX,False,LODS EAX
REP LODS RAX,REP,LODS RAX,False,LODS RAX
"REP MOVS m8, m8",REP,"MOVS m8, m8",False,MOVS m8
"REP MOVS m16, m16",REP,"MOVS m16, m16",False,MOVS m16
"REP MOVS m32, m32",REP,"MOVS m32, m32",False,MOVS m32
"REP MOVS m64, m64",REP,"MOVS m64, m64",False,MOVS m64
"REP OUTS DX, m8",REP,"OUTS DX, m8",False,OUTS DX
"REP OUTS DX, m16",REP,"OUTS DX, m16",False,OUTS DX
"REP OUTS DX, m32",REP,"OUTS DX, m32",False,OUTS DX
REP STOS m8,REP,STOS m8,False,STOS m8
REP STOS m16,REP,STOS m16,False,STOS m16
REP STOS m32,REP,STOS m32,False,STOS m32
REP STOS m64,REP,STOS m64,False,STOS m64
"REPE CMPS m8, m8",REPE,"CMPS m8, m8",False,CMPS m8
"REPE CMPS m16, m16",REPE,"CMPS m16, m16",False,CMPS m16
"REPE CMPS m32, m32",REPE,"CMPS m32, m32",False,CMPS m32
"REPE CMPS m64, m64",REPE,"CMPS m64, m64",False,CMPS m64
REPE SCAS m8,REPE,SCAS m8,False,SCAS m8
REPE SCAS m16,REPE,SCAS m16,False,SCAS m16
REPE SCAS m32,REPE,SCAS m32,False,SCAS m32
REPE SCAS m64,REPE,SCAS m64,False,SCAS m64
"REPNE CMPS m8, m8",REPNE,"CMPS m8, m8",False,CMPS m8
"REPNE CMPS m16, m16",REPNE,"CMPS m16, m16",False,CMPS m16
"REPNE CMPS m32, m32",REPNE,"CMPS m32, m32",False,CMPS m32
"REPNE CMPS m64, m64",REPNE,"CMPS m64, m64",False,CMPS m64
REPNE SCAS m8,REPNE,SCAS m8,False,SCAS m8
REPNE SCAS m16,REPNE,SCAS m16,False,SCAS m16
REPNE SCAS m32,REPNE,SCAS m32,False,SCAS m32
REPNE SCAS m64,REPNE,SCAS m64,False,SCAS m64
RET,RET,,True,
RET,RET,,True,
RET imm16,RET,imm16,True,
RET imm16,RET,imm16,True,
RSM,RSM,,True,
SAHF,SAHF,,True,
"SAL r8, 1",SAL,"r8, 1",True,
"SAL m8, 1",SAL,"m8, 1",True,
"SAL r8, CL",SAL,"r8, CL",True,
"SAL m8, CL",SAL,"m8, CL",True,
"SAL r8, imm8",SAL,"r8, imm8",True,
"SAL m8, imm8",SAL,"m8, imm8",True,
"SAL r16, 1",SAL,"r16, 1",True,
"SAL m16, 1",SAL,"m16, 1",True,
"SAL r16, CL",SAL,"r16, CL",True,
"SAL m16, CL",SAL,"m16, CL",True,
"SAL r16, imm8",SAL,"r16, imm8",True,
"SAL m16, imm8",SAL,"m16, imm8",True,
"SAL r32, 1",SAL,"r32, 1",True,
"SAL m32, 1",SAL,"m32, 1",True,
"SAL r64, 1",SAL,"r64, 1",True,
"SAL m64, 1",SAL,"m64, 1",True,
"SAL r32, CL",SAL,"r32, CL",True,
"SAL m32, CL",SAL,"m32, CL",True,
"SAL r64, CL",SAL,"r64, CL",True,
"SAL m64, CL",SAL,"m64, CL",True,
"SAL r32, imm8",SAL,"r32, imm8",True,
"SAL m32, imm8",SAL,"m32, imm8",True,
"SAL r64, imm8",SAL,"r64, imm8",True,
"SAL m64, imm8",SAL,"m64, imm8",True,
"SAR r8, 1",SAR,"r8, 1",True,
"SAR m8, 1",SAR,"m8, 1",True,
"SAR r8, CL",SAR,"r8, CL",True,
"SAR m8, CL",SAR,"m8, CL",True,
"SAR r8, imm8",SAR,"r8, imm8",True,
"SAR m8, imm8",SAR,"m8, imm8",True,
"SAR r16,1",SAR,"r16,1",True,
"SAR m16,1",SAR,"m16,1",True,
"SAR r16, CL",SAR,"r16, CL",True,
"SAR m16, CL",SAR,"m16, CL",True,
"SAR r16, imm8",SAR,"r16, imm8",True,
"SAR m16, imm8",SAR,"m16, imm8",True,
"SAR r32, 1",SAR,"r32, 1",True,
"SAR m32, 1",SAR,"m32, 1",True,
"SAR r64, 1",SAR,"r64, 1",True,
"SAR m64, 1",SAR,"m64, 1",True,
"SAR r32, CL",SAR,"r32, CL",True,
"SAR m32, CL",SAR,"m32, CL",True,
"SAR r64, CL",SAR,"r64, CL",True,
"SAR m64, CL",SAR,"m64, CL",True,
"SAR r32, imm8",SAR,"r32, imm8",True,
"SAR m32, imm8",SAR,"m32, imm8",True,
"SAR r64, imm8",SAR,"r64, imm8",True,
"SAR m64, imm8",SAR,"m64, imm8",True,
"SHL r8, 1",SHL,"r8, 1",True,
"SHL m8, 1",SHL,"m8, 1",True,
"SHL r8, CL",SHL,"r8, CL",True,
"SHL m8, CL",SHL,"m8, CL",True,
"SHL r8, imm8",SHL,"r8, imm8",True,
"SHL m8, imm8",SHL,"m8, imm8",True,
"SHL r16,1",SHL,"r16,1",True,
"SHL m16,1",SHL,"m16,1",True,
"SHL r16, CL",SHL,"r16, CL",True,
"SHL m16, CL",SHL,"m16, CL",True,
"SHL r16, imm8",SHL,"r16, imm8",True,
"SHL m16, imm8",SHL,"m16, imm8",True,
"SHL r32,1",SHL,"r32,1",True,
"SHL m32,1",SHL,"m32,1",True,
"SHL r64,1",SHL,"r64,1",True,
"SHL m64,1",SHL,"m64,1",True,
"SHL r32, CL",SHL,"r32, CL",True,
"SHL m32, CL",SHL,"m32, CL",True,
"SHL r64, CL",SHL,"r64, CL",True,
"SHL m64, CL",SHL,"m64, CL",True,
"SHL r32, imm8",SHL,"r32, imm8",True,
"SHL m32, imm8",SHL,"m32, imm8",True,
"SHL r64, imm8",SHL,"r64, imm8",True,
"SHL m64, imm8",SHL,"m64, imm8",True,
"SHR r8,",SHR,"r8,",True,
"SHR m8,",SHR,"m8,",True,
"SHR r8, CL",SHR,"r8, CL",True,
"SHR m8, CL",SHR,"m8, CL",True,
"SHR r8, imm8",SHR,"r8, imm8",True,
"SHR m8, imm8",SHR,"m8, imm8",True,
"SHR r16, 1",SHR,"r16, 1",True,
"SHR m16, 1",SHR,"m16, 1",True,
"SHR r16, CL",SHR,"r16, CL",True,
"SHR m16, CL",SHR,"m16, CL",True,
"SHR r16, imm8",SHR,"r16, imm8",True,
"SHR m16, imm8",SHR,"m16, imm8",True,
"SHR r32, 1",SHR,"r32, 1",True,
"SHR m32, 1",SHR,"m32, 1",True,
"SHR r64, 1",SHR,"r64, 1",True,
"SHR m64, 1",SHR,"m64, 1",True,
"SHR r32, CL",SHR,"r32, CL",True,
"SHR m32, CL",SHR,"m32, CL",True,
"SHR r64, CL",SHR,"r64, CL",True,
"SHR m64, CL",SHR,"m64, CL",True,
"SHR r32, imm8",SHR,"r32, imm8",True,
"SHR m32, imm8",SHR,"m32, imm8",True,
"SHR r64, imm8",SHR,"r64, imm8",True,
"SHR m64, imm8",SHR,"m64, imm8",True,
"SBB AL, imm8",SBB,"AL, imm8",True,
"SBB AX, imm16",SBB,"AX, imm16",True,
"SBB EAX, imm32",SBB,"EAX, imm32",True,
"SBB RAX, imm32",SBB,"RAX, imm32",True,
"SBB r8, imm8",SBB,"r8, imm8",True,
"SBB m8, imm8",SBB,"m8, imm8",True,
"SBB r16, imm16",SBB,"r16, imm16",True,
"SBB m16, imm16",SBB,"m16, imm16",True,
"SBB r32, imm32",SBB,"r32, imm32",True,
"SBB m32, imm32",SBB,"m32, imm32",True,
"SBB r64, imm32",SBB,"r64, imm32",True,
"SBB m64, imm32",SBB,"m64, imm32",True,
"SBB r16, imm8",SBB,"r16, imm8",True,
"SBB m16, imm8",SBB,"m16, imm8",True,
"SBB r32, imm8",SBB,"r32, imm8",True,
"SBB m32, imm8",SBB,"m32, imm8",True,
"SBB r64, imm8",SBB,"r64, imm8",True,
"SBB m64, imm8",SBB,"m64, imm8",True,
"SBB r8, r8",SBB,"r8, r8",True,
"SBB m8, r8",SBB,"m8, r8",True,
"SBB r16, r16",SBB,"r16, r16",True,
"SBB m16, r16",SBB,"m16, r16",True,
"SBB r32, r32",SBB,"r32, r32",True,
"SBB m32, r32",SBB,"m32, r32",True,
"SBB r64, r64",SBB,"r64, r64",True,
"SBB m64, r64",SBB,"m64, r64",True,
"SBB r8, r8",SBB,"r8, r8",True,
"SBB r8, m8",SBB,"r8, m8",True,
"SBB r16, r16",SBB,"r16, r16",True,
"SBB r16, m16",SBB,"r16, m16",True,
"SBB r32, r32",SBB,"r32, r32",True,
"SBB r32, m32",SBB,"r32, m32",True,
"SBB r64, r64",SBB,"r64, r64",True,
"SBB r64, m64",SBB,"r64, m64",True,
SCAS m8,SCAS,m8,True,
SCAS m16,SCAS,m16,True,
SCAS m32,SCAS,m32,True,
SCAS m64,SCAS,m64,True,
SCASB,SCASB,,True,
SCASW,SCASW,,True,
SCASD,SCASD,,True,
SCASQ,SCASQ,,True,
SETA r8,SETA,r8,True,
SETA m8,SETA,m8,True,
SETAE r8,SETAE,r8,True,
SETAE m8,SETAE,m8,True,
SETB r8,SETB,r8,True,
SETB m8,SETB,m8,True,
SETBE r8,SETBE,r8,True,
SETBE m8,SETBE,m8,True,
SETC r8,SETC,r8,True,
SETC m8,SETC,m8,True,
SETE r8,SETE,r8,True,
SETE m8,SETE,m8,True,
SETG r8,SETG,r8,True,
SETG m8,SETG,m8,True,
SETGE r8,SETGE,r8,True,
SETGE m8,SETGE,m8,True,
SETL r8,SETL,r8,True,
SETL m8,SETL,m8,True,
SETLE r8,SETLE,r8,True,
SETLE m8,SETLE,m8,True,
SETNA r8,SETNA,r8,True,
SETNA m8,SETNA,m8,True,
SETNAE r8,SETNAE,r8,True,
SETNAE m8,SETNAE,m8,True,
SETNB r8,SETNB,r8,True,
SETNB m8,SETNB,m8,True,
SETNBE r8,SETNBE,r8,True,
SETNBE m8,SETNBE,m8,True,
SETNC r8,SETNC,r8,True,
SETNC m8,SETNC,m8,True,
SETNE r8,SETNE,r8,True,
SETNE m8,SETNE,m8,True,
SETNG r8,SETNG,r8,True,
SETNG m8,SETNG,m8,True,
SETNGE r8,SETNGE,r8,True,
SETNGE m8,SETNGE,m8,True,
SETNL r8,SETNL,r8,True,
SETNL m8,SETNL,m8,True,
SETNLE r8,SETNLE,r8,True,
SETNLE m8,SETNLE,m8,True,
SETNO r8,SETNO,r8,True,
SETNO m8,SETNO,m8,True,
SETNP r8,SETNP,r8,True,
SETNP m8,SETNP,m8,True,
SETNS r8,SETNS,r8,True,
SETNS m8,SETNS,m8,True,
SETNZ r8,SETNZ,r8,True,
SETNZ m8,SETNZ,m8,True,
SETO r8,SETO,r8,True,
SETO m8,SETO,m8,True,
SETP r8,SETP,r8,True,
SETP m8,SETP,m8,True,
SETPE r8,SETPE,r8,True,
SETPE m8,SETPE,m8,True,
SETPO r8,SETPO,r8,True,
SETPO m8,SETPO,m8,True,
SETS r8,SETS,r8,True,
SETS m8,SETS,m8,True,
SETZ r8,SETZ,r8,True,
SETZ m8,SETZ,m8,True,
SFENCE,SFENCE,,True,
SGDT m,SGDT,m,True,
"SHLD r16, r16, imm8",SHLD,"r16, r16, imm8",True,
"SHLD m16, r16, imm8",SHLD,"m16, r16, imm8",True,
"SHLD r16, r16, CL",SHLD,"r16, r16, CL",True,
"SHLD m16, r16, CL",SHLD,"m16, r16, CL",True,
"SHLD r32, r32, imm8",SHLD,"r32, r32, imm8",True,
"SHLD m32, r32, imm8",SHLD,"m32, r32, imm8",True,
"SHLD r64, r64, imm8",SHLD,"r64, r64, imm8",True,
"SHLD m64, r64, imm8",SHLD,"m64, r64, imm8",True,
"SHLD r32, r32, CL",SHLD,"r32, r32, CL",True,
"SHLD m32, r32, CL",SHLD,"m32, r32, CL",True,
"SHLD r64, r64, CL",SHLD,"r64, r64, CL",True,
"SHLD m64, r64, CL",SHLD,"m64, r64, CL",True,
"SHRD r16, r16, imm8",SHRD,"r16, r16, imm8",True,
"SHRD m16, r16, imm8",SHRD,"m16, r16, imm8",True,
"SHRD r16, r16, CL",SHRD,"r16, r16, CL",True,
"SHRD m16, r16, CL",SHRD,"m16, r16, CL",True,
"SHRD r32, r32, imm8",SHRD,"r32, r32, imm8",True,
"SHRD m32, r32, imm8",SHRD,"m32, r32, imm8",True,
"SHRD r64, r64, imm8",SHRD,"r64, r64, imm8",True,
"SHRD m64, r64, imm8",SHRD,"m64, r64, imm8",True,
"SHRD r32, r32, CL",SHRD,"r32, r32, CL",True,
"SHRD m32, r32, CL",SHRD,"m32, r32, CL",True,
"SHRD r64, r64, CL",SHRD,"r64, r64, CL",True,
"SHRD m64, r64, CL",SHRD,"m64, r64, CL",True,
SIDT m,SIDT,m,True,
SLDT r16,SLDT,r16,True,
SLDT m16,SLDT,m16,True,
SMSW r16,SMSW,r16,True,
SMSW m16,SMSW,m16,True,
SMSW r32/m16,SMSW,r32/m16,True,
SMSW r64/m16,SMSW,r64/m16,True,
STC,STC,,True,
STD,STD,,True,
STI,STI,,True,
STOS m8,STOS,m8,True,
STOS m16,STOS,m16,True,
STOS m32,STOS,m32,True,
STOS m64,STOS,m64,True,
STOSB,STOSB,,True,
STOSW,STOSW,,True,
STOSD,STOSD,,True,
STOSQ,STOSQ,,True,
STR r16,STR,r16,True,
STR m16,STR,m16,True,
"SUB AL, imm8",SUB,"AL, imm8",True,
"SUB AX, imm16",SUB,"AX, imm16",True,
"SUB EAX, imm32",SUB,"EAX, imm32",True,
"SUB RAX, imm32",SUB,"RAX, imm32",True,
"SUB r8, imm8",SUB,"r8, imm8",True,
"SUB m8, imm8",SUB,"m8, imm8",True,
"SUB r16, imm16",SUB,"r16, imm16",True,
"SUB m16, imm16",SUB,"m16, imm16",True,
"SUB r32, imm32",SUB,"r32, imm32",True,
"SUB m32, imm32",SUB,"m32, imm32",True,
"SUB r64, imm32",SUB,"r64, imm32",True,
"SUB m64, imm32",SUB,"m64, imm32",True,
"SUB r16, imm8",SUB,"r16, imm8",True,
"SUB m16, imm8",SUB,"m16, imm8",True,
"SUB r32, imm8",SUB,"r32, imm8",True,
"SUB m32, imm8",SUB,"m32, imm8",True,
"SUB r64, imm8",SUB,"r64, imm8",True,
"SUB m64, imm8",SUB,"m64, imm8",True,
"SUB r8, r8",SUB,"r8, r8",True,
"SUB m8, r8",SUB,"m8, r8",True,
"SUB r16, r16",SUB,"r16, r16",True,
"SUB m16, r16",SUB,"m16, r16",True,
"SUB r32, r32",SUB,"r32, r32",True,
"SUB m32, r32",SUB,"m32, r32",True,
"SUB r64, r64",SUB,"r64, r64",True,
"SUB m64, r64",SUB,"m64, r64",True,
"SUB r8, r8",SUB,"r8, r8",True,
"SUB r8, m8",SUB,"r8, m8",True,
"SUB r16, r16",SUB,"r16, r16",True,
"SUB r16, m16",SUB,"r16, m16",True,
"SUB r32, r32",SUB,"r32, r32",True,
"SUB r32, m32",SUB,"r32, m32",True,
"SUB r64, r64",SUB,"r64, r64",True,
"SUB r64, m64",SUB,"r64, m64",True,
SWAPGS,SWAPGS,,True,
SYSCALL,SYSCALL,,True,
SYSENTER,SYSENTER,,True,
SYSEXIT,SYSEXIT,,True,
SYSEXIT,SYSEXIT,,True,
SYSRET,SYSRET,,True,
SYSRET,SYSRET,,True,
"TEST AL, imm8",TEST,"AL, imm8",True,
"TEST AX, imm16",TEST,"AX, imm16",True,
"TEST EAX, imm32",TEST,"EAX, imm32",True,
"TEST RAX, imm32",TEST,"RAX, imm32",True,
"TEST r8, imm8",TEST,"r8, imm8",True,
"TEST m8, imm8",TEST,"m8, imm8",True,
"TEST r16, imm16",TEST,"r16, imm16",True,
"TEST m16, imm16",TEST,"m16, imm16",True,
"TEST r32, imm32",TEST,"r32, imm32",True,
"TEST m32, imm32",TEST,"m32, imm32",True,
"TEST r64, imm32",TEST,"r64, imm32",True,
"TEST m64, imm32",TEST,"m64, imm32",True,
"TEST r8, r8",TEST,"r8, r8",True,
"TEST m8, r8",TEST,"m8, r8",True,
"TEST r16, r16",TEST,"r16, r16",True,
"TEST m16, r16",TEST,"m16, r16",True,
"TEST r32, r32",TEST,"r32, r32",True,
"TEST m32, r32",TEST,"m32, r32",True,
"TEST r64, r64",TEST,"r64, r64",True,
"TEST m64, r64",TEST,"m64, r64",True,
"UD1 r32, r32",UD1,"r32, r32",True,
"UD1 r32, m32",UD1,"r32, m32",True,
UD2,UD2,,True,
WAIT,WAIT,,True,
FWAIT,FWAIT,,True,
WBINVD,WBINVD,,True,
WRMSR,WRMSR,,True,
"XADD r8, r8",XADD,"r8, r8",True,
"XADD m8, r8",XADD,"m8, r8",True,
"XADD r16, r16",XADD,"r16, r16",True,
"XADD m16, r16",XADD,"m16, r16",True,
"XADD r32, r32",XADD,"r32, r32",True,
"XADD m32, r32",XADD,"m32, r32",True,
"XADD r64, r64",XADD,"r64, r64",True,
"XADD m64, r64",XADD,"m64, r64",True,
"XCHG AX, r16",XCHG,"AX, r16",True,
"XCHG r16, AX",XCHG,"r16, AX",True,
"XCHG EAX, r32",XCHG,"EAX, r32",True,
"XCHG RAX, r64",XCHG,"RAX, r64",True,
"XCHG r32, EAX",XCHG,"r32, EAX",True,
"XCHG r64, RAX",XCHG,"r64, RAX",True,
"XCHG r8, r8",XCHG,"r8, r8",True,
"XCHG m8, r8",XCHG,"m8, r8",True,
"XCHG r8, r8",XCHG,"r8, r8",True,
"XCHG r8, m8",XCHG,"r8, m8",True,
"XCHG r16, r16",XCHG,"r16, r16",True,
"XCHG m16, r16",XCHG,"m16, r16",True,
"XCHG r16, r16",XCHG,"r16, r16",True,
"XCHG r16, m16",XCHG,"r16, m16",True,
"XCHG r32, r32",XCHG,"r32, r32",True,
"XCHG m32, r32",XCHG,"m32, r32",True,
"XCHG r64, r64",XCHG,"r64, r64",True,
"XCHG m64, r64",XCHG,"m64, r64",True,
"XCHG r32, r32",XCHG,"r32, r32",True,
"XCHG r32, m32",XCHG,"r32, m32",True,
"XCHG r64, r64",XCHG,"r64, r64",True,
"XCHG r64, m64",XCHG,"r64, m64",True,
XGETBV,XGETBV,,True,
XLAT m8,XLAT,m8,True,
XLATB,XLATB,,True,
XLATB,XLATB,,True,
"XOR AL, imm8",XOR,"AL, imm8",True,
"XOR AX, imm16",XOR,"AX, imm16",True,
"XOR EAX, imm32",XOR,"EAX, imm32",True,
"XOR RAX, imm32",XOR,"RAX, imm32",True,
"XOR r8, imm8",XOR,"r8, imm8",True,
"XOR m8, imm8",XOR,"m8, imm8",True,
"XOR r16, imm16",XOR,"r16, imm16",True,
"XOR m16, imm16",XOR,"m16, imm16",True,
"XOR r32, imm32",XOR,"r32, imm32",True,
"XOR m32, imm32",XOR,"m32, imm32",True,
"XOR r64, imm32",XOR,"r64, imm32",True,
"XOR m64, imm32",XOR,"m64, imm32",True,
"XOR r16, imm8",XOR,"r16, imm8",True,
"XOR m16, imm8",XOR,"m16, imm8",True,
"XOR r32, imm8",XOR,"r32, imm8",True,
"XOR m32, imm8",XOR,"m32, imm8",True,
"XOR r64, imm8",XOR,"r64, imm8",True,
"XOR m64, imm8",XOR,"m64, imm8",True,
"XOR r8, r8",XOR,"r8, r8",True,
"XOR m8, r8",XOR,"m8, r8",True,
"XOR r16, r16",XOR,"r16, r16",True,
"XOR m16, r16",XOR,"m16, r16",True,
"XOR r32, r32",XOR,"r32, r32",True,
"XOR m32, r32",XOR,"m32, r32",True,
"XOR r64, r64",XOR,"r64, r64",True,
"XOR m64, r64",XOR,"m64, r64",True,
"XOR r8, r8",XOR,"r8, r8",True,
"XOR r8, m8",XOR,"r8, m8",True,
"XOR r16, r16",XOR,"r16, r16",True,
"XOR r16, m16",XOR,"r16, m16",True,
"XOR r32, r32",XOR,"r32, r32",True,
"XOR r32, m32",XOR,"r32, m32",True,
"XOR r64, r64",XOR,"r64, r64",True,
"XOR r64, m64",XOR,"r64, m64",True,
XSETBV,XSETBV,,True,
